month,assigned_team,ticket_count
2024-06,Billing,3
2024-07,Billing,13
2024-08,Billing,14
2024-09,Billing,26
2024-10,Billing,26
2024-11,Billing,25
2024-12,Billing,32
2025-01,Billing,71
2025-01,Chat Frontline,84
2025-01,Email Frontline,45
2025-01,Escalations & Warranty,10
2025-01,Logistics,52
2025-01,Returns Desk,26
2025-01,Voice Frontline,26
2025-02,Billing,76
2025-02,Chat Frontline,95
2025-02,Email Frontline,57
2025-02,Escalations & Warranty,15
2025-02,Logistics,69
2025-02,Returns Desk,33
2025-02,Voice Frontline,23
2025-03,Billing,104
2025-03,Chat Frontline,120
2025-03,Email Frontline,61
2025-03,Escalations & Warranty,20
2025-03,Logistics,74
2025-03,Returns Desk,46
2025-03,Voice Frontline,37
2025-04,Billing,104
2025-04,Chat Frontline,101
2025-04,Email Frontline,74
2025-04,Escalations & Warranty,22
2025-04,Logistics,77
2025-04,Returns Desk,44
2025-04,Voice Frontline,27
2025-05,Billing,83
2025-05,Chat Frontline,106
2025-05,Email Frontline,55
2025-05,Escalations & Warranty,25
2025-05,Logistics,72
2025-05,Returns Desk,42
2025-05,Voice Frontline,41
2025-06,Billing,98
2025-06,Chat Frontline,102
2025-06,Email Frontline,66
2025-06,Escalations & Warranty,16
2025-06,Logistics,80
2025-06,Returns Desk,42
2025-06,Voice Frontline,35
2025-07,Billing,97
2025-07,Chat Frontline,112
2025-07,Email Frontline,82
2025-07,Escalations & Warranty,17
2025-07,Logistics,79
2025-07,Returns Desk,37
2025-07,Voice Frontline,38
2025-08,Billing,162
2025-08,Chat Frontline,180
2025-08,Email Frontline,87
2025-08,Escalations & Warranty,25
2025-08,Logistics,122
2025-08,Returns Desk,75
2025-08,Voice Frontline,44
2025-09,Billing,143
2025-09,Chat Frontline,161
2025-09,Email Frontline,110
2025-09,Escalations & Warranty,28
2025-09,Logistics,103
2025-09,Returns Desk,70
2025-09,Voice Frontline,56
2025-10,Billing,198
2025-10,Chat Frontline,207
2025-10,Email Frontline,120
2025-10,Escalations & Warranty,43
2025-10,Logistics,148
2025-10,Returns Desk,85
2025-10,Voice Frontline,46
2025-11,Billing,219
2025-11,Chat Frontline,249
2025-11,Email Frontline,131
2025-11,Escalations & Warranty,42
2025-11,Logistics,157
2025-11,Returns Desk,82
2025-11,Voice Frontline,72
2025-12,Billing,170
2025-12,Chat Frontline,220
2025-12,Email Frontline,166
2025-12,Escalations & Warranty,40
2025-12,Logistics,136
2025-12,Returns Desk,82
2025-12,Voice Frontline,55
2026-01,Billing,143
2026-01,Chat Frontline,233
2026-01,Email Frontline,132
2026-01,Escalations & Warranty,41
2026-01,Logistics,121
2026-01,Returns Desk,70
2026-01,Voice Frontline,72
2026-02,Billing,148
2026-02,Chat Frontline,198
2026-02,Email Frontline,125
2026-02,Escalations & Warranty,34
2026-02,Logistics,117
2026-02,Returns Desk,58
2026-02,Voice Frontline,53
2026-03,Billing,159
2026-03,Chat Frontline,214
2026-03,Email Frontline,125
2026-03,Escalations & Warranty,33
2026-03,Logistics,125
2026-03,Returns Desk,71
2026-03,Voice Frontline,53
2026-04,Billing,178
2026-04,Chat Frontline,237
2026-04,Email Frontline,126
2026-04,Escalations & Warranty,38
2026-04,Logistics,122
2026-04,Returns Desk,60
2026-04,Voice Frontline,71
2026-05,Billing,144
2026-05,Chat Frontline,206
2026-05,Email Frontline,114
2026-05,Escalations & Warranty,34
2026-05,Logistics,132
2026-05,Returns Desk,53
2026-05,Voice Frontline,73
2026-06,Billing,128
2026-06,Chat Frontline,205
2026-06,Email Frontline,131
2026-06,Escalations & Warranty,42
2026-06,Logistics,119
2026-06,Returns Desk,73
2026-06,Voice Frontline,78
